name,age
Justin Bryant, 24
Jack Dalton, 48
Cody McKenna, 19
Youssef Whitaker, 31
Angel Houston, 33
Vincent Johnston, 41
Steven McLaughlin, 60
Avraham Murphy, 21
Colin Townsend, 27
Aaron Parks, 43
Usher Sims, 32
Naftali Schumacher, 49
Julian Gilmore, 60
Patryk Lawson, 29
Yoel Blankenship, 32
William McCall, 47
Jakub Bright, 39
Amir Pate, 61
Julien Workman, 42
Mason Odom, 28
Oliver Sutton, 57
Dana Bailey, 37
Tammy Black, 41
Theodore Russell, 43
Drew Floyd, 64
Carolyn Hill, 54
April Manning, 29
Micheal Lewis, 41
Eleanor Singleton, 36
Tony Bates, 46
Krista Pierce, 52
Reginald Brady, 46
Alvin Drake, 58
Carol Craig, 34
Lauren Mann, 20
Leonard Summers, 25
Frank Walsh, 50
Santos Weaver, 60
Chris May, 22
Joan Webster, 21
Yvette King, 42
Allan Flores, 50
Randolph Carpenter, 40
Darla Wade, 32
Emilyl Arnold, 41
Kelly French, 24
Warren Pratt, 58
Donnie Singleton, 62
Leslie Copeland, 24
Mae Burke, 42
